"firm_name","n_offres","avg_req_exp","top_skill_req","avg_wage","sector_main","n_patents","ipc_main_code","ipc_main_desc","ipc_second_code","ipc_second_desc","addr_city_main","addr_dept_main"
"ab science",2,NA,"programming",NA,NA,113,"A61K","PREPARATIONS FOR MEDICAL, DENTAL, OR TOILET PURPOSES (devices or methods specially adapted for bringing pharmaceutical products into particular physical or administering forms A61J0003000000; chemical aspects of, or use of materials for deodorisation of air, for disinfection or sterilisation, or for bandages, dressings, absorbent pads or surgical articles A61L)","C07D","HETEROCYCLIC COMPOUNDS (macromolecular compounds C08)","Paris","75"
"adeo",1,NA,"communication",NA,NA,25,"H04N","PICTORIAL COMMUNICATION, e.g. TELEVISION","A47H","FURNISHINGS FOR WINDOWS OR DOORS (concerned with the functioning of the door or window E05; roller blinds E06B; special arrangements or measures in connection with doors or windows, e.g. for ventilation or sealing, E06B0007000000)","Marly le Roi","59"
"airbus",8,NA,"python",NA,NA,5128,"B64C","AEROPLANES; HELICOPTERS (air-cushion vehicles B60V)","B64D","EQUIPMENT FOR FITTING IN OR TO AIRCRAFT; FLYING SUITS; PARACHUTES; ARRANGEMENTS OR MOUNTING OF POWER PLANTS OR PROPULSION TRANSMISSIONS","Toulouse","13"
"alma",1,NA,"english",NA,"Banque, Assurance, Finance",30,"B65D","CONTAINERS FOR STORAGE OR TRANSPORT OF ARTICLES OR MATERIALS, e.g. BAGS, BARRELS, BOTTLES, BOXES, CANS, CARTONS, CRATES, DRUMS, JARS, TANKS, HOPPERS, FORWARDING CONTAINERS; ACCESSORIES, CLOSURES, OR FITTINGS THEREFOR; PACKAGING ELEMENTS; PACKAGES","B01J","CHEMICAL OR PHYSICAL PROCESSES, e.g. CATALYSIS, COLLOID CHEMISTRY; THEIR RELEVANT APPARATUS (processes or apparatus for specific applications, see the relevant places for these processes or apparatus, e.g. F26B0003080000)","La Ferriere","75"
"alstom",5,NA,"python",NA,NA,2236,"B61L","GUIDING RAILWAY TRAFFIC; ENSURING THE SAFETY OF RAILWAY TRAFFIC (brakes or auxiliary equipment B61H, B61K; point or crossing construction E01B)","B61D","BODY DETAILS OR KINDS OF RAILWAY VEHICLES (vehicles in general B60; adaptation of vehicles to special systems B61B; underframes B61F)","Saint Ouen","41"
"arcom",1,NA,"programmation",NA,NA,1,"G01N","INVESTIGATING OR ANALYSING MATERIALS BY DETERMINING THEIR CHEMICAL OR PHYSICAL PROPERTIES (separating components of materials in general B01D, B01J, B03, B07; apparatus fully provided for in a single other subclass, see the relevant subclass, e.g. B01L; measuring or testing processes other than immunoassay, involving enzymes or micro-organisms C12M, C12Q; investigation of foundation soil in situE02D0001000000; monitoring or diagnostic devices for exhaust-gas treatment apparatus F01N0011000000; sensing humidity changes for compensating measurements of other variables or for compensating readings of instruments for variations in humidity, seeG01D;  or the relevant subclass for the variable measuredtesting or determining the properties of structures G01M; measuring or investigating electric or magnetic properties of materials G01R; systems in general for determining distance, velocity or presence by use of propagation effects, e.g. Doppler effect, propagation time, of reflected or reradiated radio waves, analogous arrangements using other waves G01S; determining sensitivity, graininess, or density of photographic materials G03C0005020000; testing component parts of nuclear reactors G21C0017000000)",NA,NA,"La Loyere","75"
"arkema",1,NA,"anglais",NA,NA,4360,"C07C","ACYCLIC OR CARBOCYCLIC COMPOUNDS (macromolecular compounds C08; production of organic compounds by electrolysis or electrophoresis C25B0003000000, C25B0007000000)","C08L","COMPOSITIONS OF MACROMOLECULAR COMPOUNDS (compositions based on polymerisable monomers C08F, C08G; artificial filaments or fibres D01F; textile treating compositions D06)","Colombes","92"
"artelia",1,NA,"python",NA,NA,2,"E02B","HYDRAULIC ENGINEERING (ship-lifting E02C; dredging E02F)","F03B","MACHINES OR ENGINES FOR LIQUIDS (machines or engines for liquids and elastic fluids F01; positive-displacement engines for liquids F03C; positive-displacement machines for liquids F04)",NA,"38"
"axa",22,2,"équipe",15576,"Banque, Assurance, Finance",10,"B60Q","ARRANGEMENT OF SIGNALLING OR LIGHTING DEVICES, THE MOUNTING OR SUPPORTING THEREOF OR CIRCUITS THEREFOR, FOR VEHICLES IN GENERAL (arrangement of signalling or lighting devices, the mounting or supporting thereof, for rail vehicles B61D, for cycles B62J, for ships B63B, for aircraft B64D; lighting in general, lighting devices per seF21, H05B; signalling in general G08; electric switches per seH01H)","B62J","CYCLE SADDLES OR SEATS; ACCESSORIES PECULIAR TO CYCLES AND NOT OTHERWISE PROVIDED FOR, e.g. ARTICLE CARRIERS OR CYCLE PROTECTORS (registration plates B60R0013100000; cyclometers, i.e. wheel-revolution counters, G01C0022000000)","Clamecy","92"
"balenciaga",1,NA,"vba",NA,NA,6,"C14C","CHEMICAL TREATMENT OF SKINS, HIDES OR LEATHER, e.g. TANNING, IMPREGNATING, FINISHING; APPARATUS THEREFOR; COMPOSITIONS FOR TANNING (bleaching  of leather or furs D06L; dyeing of leather or furs D06P)","D06P","DYEING OR PRINTING TEXTILES; DYEING LEATHER, FURS, OR SOLID MACROMOLECULAR SUBSTANCES IN ANY FORM (for mechanical matters, seeB41F, B41J, D06B, D06C; printing on surfaces of materials other than textiles B41M; surface treatment of fibres or filaments from glass, minerals, or slags C03C0025000000; mordanting D06M; dyeing paper D21H)","Paris","75"
"banque de france",3,NA,"équipe",NA,NA,40,"B42D","BOOKS; BOOK COVERS; LOOSE LEAVES; PRINTED MATTER OF SPECIAL FORMAT OR STYLE NOT OTHERWISE PROVIDED FOR; DEVICES FOR USE THEREWITH; MOVABLE-STRIP WRITING OR READING APPARATUS (book stands A47B; reading desks A47B0019000000; book rests A47B0023000000)","B32B","LAYERED PRODUCTS, i.e. PRODUCTS BUILT-UP OF STRATA OF FLAT OR NON-FLAT, e.g. CELLULAR OR HONEYCOMB, FORM","Paris","75"
"bayard",1,NA,"adaptabilité",NA,NA,13,"F16K","VALVES; TAPS; COCKS; ACTUATING-FLOATS; DEVICES FOR VENTING OR AERATING","E03B","INSTALLATIONS OR METHODS FOR OBTAINING, COLLECTING, OR DISTRIBUTING WATER (drilling wells, obtaining fluids in general from wells E21B; pipe-line systems in general F17D)","Meyzieu","92"
"bayer",1,NA,"modélisation",NA,NA,6,"A01M","CATCHING, TRAPPING OR SCARING OF ANIMALS (apiculture A01K0047000000-A01K0059000000; fishing A01K0069000000-A01K0097000000; pesticides A01N); APPARATUS FOR THE DESTRUCTION OF NOXIOUS ANIMALS OR NOXIOUS PLANTS (equipment fitted in or to aircraft for dropping or releasing powdered, liquid or gaseous matter, e.g. pesticides, herbicides, B64D0001160000)","A01N","PRESERVATION OF BODIES OF HUMANS OR ANIMALS OR PLANTS OR PARTS THEREOF (preservation of food or foodstuff A23); BIOCIDES, e.g. AS DISINFECTANTS, AS PESTICIDES OR AS HERBICIDES (preparations for medical, dental or toilet purposes which kill or prevent the growth or proliferation of unwanted organisms A61K); PEST REPELLANTS OR ATTRACTANTS; PLANT GROWTH REGULATORS (mixtures of pesticides with fertilisers C05G)","Lyon","69"
"bci",1,NA,"curiosité",NA,NA,10,"A61P","SPECIFIC THERAPEUTIC ACTIVITY OF CHEMICAL COMPOUNDS OR MEDICINAL PREPARATIONS","A61K","PREPARATIONS FOR MEDICAL, DENTAL, OR TOILET PURPOSES (devices or methods specially adapted for bringing pharmaceutical products into particular physical or administering forms A61J0003000000; chemical aspects of, or use of materials for deodorisation of air, for disinfection or sterilisation, or for bandages, dressings, absorbent pads or surgical articles A61L)","Grabels","34"
"bouygues",8,1,"équipe",NA,"BTP",121,"H01Q","AERIALS (microwave radiators for near-field therapeutic treatment A61N0005040000; apparatus for testing aerials or for measuring aerial characteristics G01R; waveguides H01P; radiators or aerials for microwave heating H05B0006720000)","H04W","WIRELESS COMMUNICATION NETWORKS","Paris","92"
"brgm",5,0,"équipe",NA,NA,34,"B01D","SEPARATION (separating solids from solids by wet methods B03B, B03D, by pneumatic jigs or tables B03B, by other dry methods B07; magnetic or electrostatic separation of solid materials from solid materials or fluids, separation by high-voltage electric fields B03C; centrifuges B04B; presses per se for squeezing-out liquid from liquid-containing material B30B0009020000)","C22B","PRODUCTION OR REFINING OF METALS (making metallic powder or suspensions thereof B22F0009000000;  production of metals by electrolysis or electrophoresis  C25); PRETREATMENT OF RAW MATERIALS","Orleans","45"
"cardiologs",2,0,"deep learning",NA,"Secteur informatique, ESN",2,"A61B","DIAGNOSIS; SURGERY; IDENTIFICATION (analysing biological material G01N, e.g. G01N0033480000)",NA,NA,"Paris","75"
"carrefour",21,0,"équipe",NA,"Distribution, Commerce de gros",9,"A45C","PURSES; LUGGAGE; HAND CARRIED BAGS (sacks or packs carried on the body A45F; containers in general B65D, e.g. portable flexible containers, B65D0027000000-B65D0037000000; making leather, canvas, or like articles B68F)","B62B","HAND-PROPELLED VEHICLES, e.g. HAND CARTS OR PERAMBULATORS; SLEDGES (characterised by animal propulsion B62C; propulsion of sledges by driver or engine B62M)","Boulogne Billancourt","91"
"cea",1,NA,"deep learning",NA,NA,126,"A01K","ANIMAL HUSBANDRY; CARE OF BIRDS, FISHES, INSECTS; FISHING; REARING OR BREEDING ANIMALS, NOT OTHERWISE PROVIDED FOR; NEW BREEDS OF ANIMALS","A61K","PREPARATIONS FOR MEDICAL, DENTAL, OR TOILET PURPOSES (devices or methods specially adapted for bringing pharmaceutical products into particular physical or administering forms A61J0003000000; chemical aspects of, or use of materials for deodorisation of air, for disinfection or sterilisation, or for bandages, dressings, absorbent pads or surgical articles A61L)","Paris","91"
"chanel",3,NA,"deep learning",NA,NA,352,"A61K","PREPARATIONS FOR MEDICAL, DENTAL, OR TOILET PURPOSES (devices or methods specially adapted for bringing pharmaceutical products into particular physical or administering forms A61J0003000000; chemical aspects of, or use of materials for deodorisation of air, for disinfection or sterilisation, or for bandages, dressings, absorbent pads or surgical articles A61L)","A61Q","SPECIFIC USE OF COSMETICS OR SIMILAR TOILET PREPARATIONS","Neuilly sur Seine","75"
"chru de brest",1,NA,"deep learning",NA,NA,1,"G06T","IMAGE DATA PROCESSING OR GENERATION, IN GENERAL (specially adapted for particular applications, see the relevant subclasses, e.g. G01C, G06K, G09G, H04N)",NA,NA,"Brest","29"
"cnrs",2,NA,"équipe",34340.16,NA,184,"A61K","PREPARATIONS FOR MEDICAL, DENTAL, OR TOILET PURPOSES (devices or methods specially adapted for bringing pharmaceutical products into particular physical or administering forms A61J0003000000; chemical aspects of, or use of materials for deodorisation of air, for disinfection or sterilisation, or for bandages, dressings, absorbent pads or surgical articles A61L)","B01J","CHEMICAL OR PHYSICAL PROCESSES, e.g. CATALYSIS, COLLOID CHEMISTRY; THEIR RELEVANT APPARATUS (processes or apparatus for specific applications, see the relevant places for these processes or apparatus, e.g. F26B0003080000)","Paris","38"
"colas",1,NA,"statistique",NA,NA,149,"C04B","LIME; MAGNESIA; SLAG; CEMENTS; COMPOSITIONS THEREOF, e.g. MORTARS, CONCRETE OR LIKE BUILDING MATERIALS; ARTIFICIAL STONE; CERAMICS (devitrified glass-ceramics C03C0010000000); REFRACTORIES (alloys based on refractory metals C22C); TREATMENT OF NATURAL STONE","C08L","COMPOSITIONS OF MACROMOLECULAR COMPOUNDS (compositions based on polymerisable monomers C08F, C08G; artificial filaments or fibres D01F; textile treating compositions D06)","Boulogne Billancourt","54"
"continental",2,NA,"power bi",NA,NA,39,"B60C","VEHICLE TYRES (manufacture, repairing B29); TYRE INFLATION; TYRE CHANGING; CONNECTING VALVES TO INFLATABLE ELASTIC BODIES IN GENERAL; DEVICES OR ARRANGEMENTS RELATED TO TYRES (testing of tyres G01M0017020000)","G01L","MEASURING FORCE, STRESS, TORQUE, WORK, MECHANICAL POWER, MECHANICAL EFFICIENCY, OR FLUID PRESSURE (weighing G01G)","Toulouse","31"
"criteo",2,NA,"python",NA,"Média, Internet, Communication",5,"G06Q","DATA PROCESSING SYSTEMS OR METHODS, SPECIALLY ADAPTED FOR ADMINISTRATIVE, COMMERCIAL, FINANCIAL, MANAGERIAL, SUPERVISORY OR FORECASTING PURPOSES; SYSTEMS OR METHODS SPECIALLY ADAPTED FOR ADMINISTRATIVE, COMMERCIAL, FINANCIAL, MANAGERIAL, SUPERVISORY OR FORECASTING PURPOSES, NOT OTHERWISE PROVIDED FOR",NA,NA,"Paris","75"
"cs",20,7,"python",NA,"Secteur informatique, ESN",4721,"H01L","SEMICONDUCTOR DEVICES; ELECTRIC SOLID STATE DEVICES NOT OTHERWISE PROVIDED FOR (use of semiconductor devices for measuring G01; resistors in general H01C; magnets, inductors, transformers H01F; capacitors in general H01G; electrolytic devices H01G0009000000; batteries, accumulators H01M; waveguides, resonators, or lines of the waveguide type H01P; line connectors, current collectors H01R; stimulated-emission devices H01S; electromechanical resonators H03H; loudspeakers, microphones, gramophone pick-ups or like acoustic electromechanical transducers H04R; electric light sources in general H05B; printed circuits, hybrid circuits, casings or constructional details of electrical apparatus, manufacture of assemblages of electrical components H05K; use of semiconductor devices in circuits having a particular application, see the subclass for the application);","G06F","ELECTRIC DIGITAL DATA PROCESSING (computers in which a part of the computation is effected hydraulically or pneumatically G06D, optically G06E; computer systems based on specific computational models G06N; impedance networks using digital techniques H03H)","Rousset","75"
"dalkia",1,NA,"sql",NA,NA,5,"G05B","CONTROL OR REGULATING SYSTEMS IN GENERAL; FUNCTIONAL ELEMENTS OF SUCH SYSTEMS; MONITORING OR TESTING ARRANGEMENTS FOR SUCH SYSTEMS OR ELEMENTS (fluid-pressure actuators or systems acting by means of fluids in general F15B; valves per seF16K; characterised by mechanical features only G05G; sensitive elements, see the appropriate subclasses, e.g. G12B, subclasses of G01, H01; correcting units, see the appropriate subclasses, e.g. H02K)","F02C","GAS-TURBINE PLANTS; AIR INTAKES FOR JET-PROPULSION PLANTS; CONTROLLING FUEL SUPPLY IN AIR-BREATHING JET-PROPULSION PLANTS (construction of turbines F01D; jet-propulsion plants F02K; construction of compressors or fans F04; combustion apparatus in which combustion takes place in a fluidised bed of fuel or other particles F23C0010000000; generating combustion products of high pressure or high velocity F23R; using gas turbines in compression refrigeration plants F25B0011000000; using gas-turbine plants in vehicles, see the relevant vehicle classes);","Saint Andre lez Lille","49"
"danone",5,0,"équipe",NA,NA,388,"A23C","DAIRY PRODUCTS, e.g. MILK, BUTTER, CHEESE; MILK OR CHEESE SUBSTITUTES; MAKING THEREOF (obtaining protein compositions for foodstuffs A23J0001000000; preparation of peptides, e.g. of proteins, in general C07K0001000000)","B65D","CONTAINERS FOR STORAGE OR TRANSPORT OF ARTICLES OR MATERIALS, e.g. BAGS, BARRELS, BOTTLES, BOXES, CANS, CARTONS, CRATES, DRUMS, JARS, TANKS, HOPPERS, FORWARDING CONTAINERS; ACCESSORIES, CLOSURES, OR FITTINGS THEREFOR; PACKAGING ELEMENTS; PACKAGES","Paris","75"
"dassault",12,NA,"équipe",NA,NA,697,"G06F","ELECTRIC DIGITAL DATA PROCESSING (computers in which a part of the computation is effected hydraulically or pneumatically G06D, optically G06E; computer systems based on specific computational models G06N; impedance networks using digital techniques H03H)","G06T","IMAGE DATA PROCESSING OR GENERATION, IN GENERAL (specially adapted for particular applications, see the relevant subclasses, e.g. G01C, G06K, G09G, H04N)","Velizy Villacoublay","78"
"demeter",2,1,"excel",60000,"Services aux Entreprises",1,"A43B","CHARACTERISTIC FEATURES OF FOOTWEAR; PARTS OF FOOTWEAR",NA,NA,"Bertignat","92"
"descartes",11,0,"excel",NA,"Banque, Assurance, Finance",797,"A61K","PREPARATIONS FOR MEDICAL, DENTAL, OR TOILET PURPOSES (devices or methods specially adapted for bringing pharmaceutical products into particular physical or administering forms A61J0003000000; chemical aspects of, or use of materials for deodorisation of air, for disinfection or sterilisation, or for bandages, dressings, absorbent pads or surgical articles A61L)","A61P","SPECIFIC THERAPEUTIC ACTIVITY OF CHEMICAL COMPOUNDS OR MEDICINAL PREPARATIONS","Paris","75"
"dior",2,7,"deep learning",NA,"Industrie Manufacturière",49,"A45D","HAIRDRESSING OR SHAVING EQUIPMENT; MANICURING OR OTHER COSMETIC TREATMENT (wigs, toupees, or the like A41G0003000000, A41G0005000000; hairdressers' chairs A47C0001040000; hair cutting appliances, razors B26B)","B29C","SHAPING OR JOINING OF PLASTICS; SHAPING OF SUBSTANCES IN A PLASTIC STATE, IN GENERAL; AFTER- TREATMENT OF THE SHAPED PRODUCTS, e.g. REPAIRING (working in the manner of metal B23; grinding, polishing B24; cutting B26D, B26F; making preforms B29B0011000000;  making laminated products by combining previously unconnected layers which become one product whose layers will remain together B32B0037000000-B32B0041000000)","Paris","92"
"edf",5,0,"équipe",NA,"Secteur Energie, Environnement",42,"F24J","PRODUCTION OR USE OF HEAT NOT OTHERWISE PROVIDED FOR (materials therefor C09K0005000000; engines or other mechanisms for producing mechanical power from heat, see the relevant classes, e.g. F03G;  for using natural heat);","H01L","SEMICONDUCTOR DEVICES; ELECTRIC SOLID STATE DEVICES NOT OTHERWISE PROVIDED FOR (use of semiconductor devices for measuring G01; resistors in general H01C; magnets, inductors, transformers H01F; capacitors in general H01G; electrolytic devices H01G0009000000; batteries, accumulators H01M; waveguides, resonators, or lines of the waveguide type H01P; line connectors, current collectors H01R; stimulated-emission devices H01S; electromechanical resonators H03H; loudspeakers, microphones, gramophone pick-ups or like acoustic electromechanical transducers H04R; electric light sources in general H05B; printed circuits, hybrid circuits, casings or constructional details of electrical apparatus, manufacture of assemblages of electrical components H05K; use of semiconductor devices in circuits having a particular application, see the subclass for the application);","Paris","92"
"egis",1,NA,"anglais",NA,NA,27,"A01K","ANIMAL HUSBANDRY; CARE OF BIRDS, FISHES, INSECTS; FISHING; REARING OR BREEDING ANIMALS, NOT OTHERWISE PROVIDED FOR; NEW BREEDS OF ANIMALS","B64C","AEROPLANES; HELICOPTERS (air-cushion vehicles B60V)","Montpellier","69"
"elis",1,NA,"anglais",NA,NA,100,"A61B","DIAGNOSIS; SURGERY; IDENTIFICATION (analysing biological material G01N, e.g. G01N0033480000)","C02F","TREATMENT OF WATER, WASTE WATER, SEWAGE, OR SLUDGE (processes for making harmful chemical substances harmless, or less harmful, by effecting a chemical change in the substances A62D0003000000; separation, settling tanks or filter devices  B01D; special arrangements on waterborne vessels of installations for treating water, waste water or sewage, e.g. for producing fresh water, B63J; adding materials to water to prevent corrosion C23F; treating radioactively-contaminated liquids G21F0009040000)","Paris","92"
"enedis",1,NA,"équipe",NA,NA,35,"G01R","MEASURING ELECTRIC VARIABLES; MEASURING MAGNETIC VARIABLES (measuring physical variables of any kind by conversion into electric variables, see Note (4) following the title of class G01; measuring diffusion of ions in an electric field, e.g. electrophoresis, electro-osmosis, G01N; investigating non-electric or non-magnetic properties of materials by using electric or magnetic methods G01N; indicating correct tuning of resonant circuits H03J0003120000; monitoring electronic pulse counters H03K0021400000; monitoring operation of communication systems H04)","H02J","CIRCUIT ARRANGEMENTS OR SYSTEMS FOR SUPPLYING OR DISTRIBUTING ELECTRIC POWER; SYSTEMS FOR STORING ELECTRIC ENERGY (power supply circuits for apparatus for measuring X-radiation, gamma radiation, corpuscular radiation or cosmic radiation G01T0001175000; electric power supply circuits specially adapted for use in electronic time-pieces with no moving parts G04G0019000000; for digital computers G06F0001180000; for discharge tubes H01J0037248000; circuits or apparatus for the conversion of electric power, arrangements for control or regulation of such circuits or apparatus H02M; interrelated control of several motors, control of a prime-mover/generator combination H02P; control of high-frequency power H03L; additional use of power line or power network for transmission of information H04B)","Paris","69"
"engie",11,0,"python",NA,"Secteur Energie, Environnement",198,"B01J","CHEMICAL OR PHYSICAL PROCESSES, e.g. CATALYSIS, COLLOID CHEMISTRY; THEIR RELEVANT APPARATUS (processes or apparatus for specific applications, see the relevant places for these processes or apparatus, e.g. F26B0003080000)","F25J","LIQUEFACTION, SOLIDIFICATION, OR SEPARATION OF GASES OR GASEOUS MIXTURES BY PRESSURE AND COLD TREATMENT (cryogenic pumps F04B0037080000; gas storage vessels, gas-holders F17; filling vessels with, or discharging from vessels, compressed, liquefied, or solidified gases F17C; refrigeration machines, plants, or systems F25B)","Courbevoie","92"
"eramet",1,NA,"rigueur",NA,NA,40,"B01J","CHEMICAL OR PHYSICAL PROCESSES, e.g. CATALYSIS, COLLOID CHEMISTRY; THEIR RELEVANT APPARATUS (processes or apparatus for specific applications, see the relevant places for these processes or apparatus, e.g. F26B0003080000)","C01F","COMPOUNDS OF THE METALS BERYLLIUM, MAGNESIUM, ALUMINIUM, CALCIUM, STRONTIUM, BARIUM, RADIUM, THORIUM, OR OF THE RARE-EARTH METALS (metal hydrides C01B0006000000; salts of oxyacids of halogens C01B0011000000; peroxides, salts of peroxyacids C01B0015000000; sulfides or polysulfides of magnesium, calcium, strontium, or barium C01B0017420000; thiosulfates, dithionites, polythionates C01B0017640000; compounds containing selenium or tellurium C01B0019000000; binary compounds of nitrogen with metals C01B0021060000; azides C01B0021080000; metal amides C01B0021092000; nitrites C01B0021500000; phosphides C01B0025080000; salts of oxyacids of phosphorus C01B0025160000; carbides C01B0031300000; compounds containing silicon C01B0033000000; compounds containing boron C01B0035000000; compounds having molecular sieve properties but not having base-exchange properties C01B0037000000; compounds having molecular sieve and base-exchange properties, e.g. crystalline zeolites, C01B0039000000; cyanides C01C0003080000; salts of cyanic acid C01C0003140000; salts of cyanamide C01C0003160000; thiocyanates C01C0003200000; fermentation or enzyme-using processes for the preparation of elements or inorganic compounds except carbon dioxide C12P0003000000; obtaining metal compounds from mixtures, e.g. ores, which are intermediate compounds in a metallurgical process for obtaining a free metal C22B; production of non-metallic elements or inorganic compounds by electrolysis or electrophoresis C25B)","Paris","78"
"exotec",4,0,"python",NA,"Industrie high-tech, Telecom",20,"B65G","TRANSPORT OR STORAGE DEVICES, e.g. CONVEYERS FOR LOADING OR TIPPING; SHOP CONVEYER SYSTEMS; PNEUMATIC TUBE CONVEYERS (transport or storage devices used in a particular handling or treatment of articles or materials, see the relevant subclass, e.g. in metal-working B21D0043000000, B23Q0007000000, B23Q0041020000; vehicle, railway, sea or aircraft aspects B60-B64; transportation, conveyor or haulage systems specially adapted for motor vehicle or trailer assembly lines B62D0065180000; in packaging B65B; handling thin or filamentary materials B65H; hoisting, lifting, hauling, e.g. truck loaders B66; handling liquids B67; specially adapted to underground conditions E21F0013000000; storing or distributing gases or liquids F17; in handling radioactive materials G21C0019000000)","B62D","MOTOR VEHICLES; TRAILERS (steering, or guiding on a desired track, of agricultural machines or implements A01B0069000000; wheels, castors, axles, increasing wheel adhesion B60B; vehicle tyres, tyre inflation or tyre changing B60C; connections between vehicles of a train or the like B60D; vehicles for use on rail and road, amphibious or convertible vehicles B60F; suspension arrangements B60G; heating, cooling, ventilating or other air treating devices B60H; windows, windscreens, non-fixed roofs, doors or similar devices, protective coverings for vehicles not in use B60J; propulsion plant arrangements, auxiliary drives, transmissions, controls, instrumentation or dashboards B60K; electric equipment or propulsion of electrically-propelled vehicles B60L; power supply for electrically-propelled vehicles B60M; passenger accommodation not otherwise provided for B60N; adaptations for load transportation or to carry special loads or objects B60P; arrangement of signalling or lighting devices, the mounting or supporting thereof or circuits therefor, for vehicles in general B60Q; vehicles, vehicle fittings or vehicle parts, not otherwise provided for B60R; servicing, cleaning, repairing, supporting, lifting, or manoeuvring, not otherwise provided for B60S; brake arrangements, brake control systems or parts thereof B60T; air-cushion vehicles B60V; motorcycles, accessories therefor B62J, B62K; testing of vehicles G01M)","Lille","59"
"free",13,0,"équipe",44000,NA,65,"H04W","WIRELESS COMMUNICATION NETWORKS","G06F","ELECTRIC DIGITAL DATA PROCESSING (computers in which a part of the computation is effected hydraulically or pneumatically G06D, optically G06E; computer systems based on specific computational models G06N; impedance networks using digital techniques H03H)","Paris","59"
"gerflor",1,NA,"collaboration",NA,NA,199,"B32B","LAYERED PRODUCTS, i.e. PRODUCTS BUILT-UP OF STRATA OF FLAT OR NON-FLAT, e.g. CELLULAR OR HONEYCOMB, FORM","E04F","FINISHING WORK ON BUILDINGS, e.g. STAIRS, FLOORS (windows, doors E06B)","Villeurbanne","69"
"gmbh",1,NA,"excel",48500,NA,1,"G08G","TRAFFIC CONTROL SYSTEMS (guiding railway traffic, ensuring the safety of railway traffic B61L; radar or analogous systems, sonar systems or lidar systems specially adapted for traffic control G01S0013910000, G01S0015880000, G01S0017880000; radar or analogous systems, sonar systems or lidar systems specially adapted for anti-collision purposes G01S0013930000, G01S0015930000, G01S0017930000; control of position, course, altitude or attitude of land, water, air or space vehicles, not being specific to a traffic environment G05D0001000000)",NA,NA,"Strasbourg","92"
"hager",1,NA,"statistique",NA,NA,419,"H01H","ELECTRIC SWITCHES; RELAYS; SELECTORS; EMERGENCY PROTECTIVE DEVICES (contact cables H01B0007100000; electrolytic self-interrupters H01G0009180000; emergency protective circuit arrangements H02H; switching by electronic means without contact-making H03K0017000000)","H02H","EMERGENCY PROTECTIVE CIRCUIT ARRANGEMENTS (indicating or signalling undesired working conditions G01R, e.g. G01R0031000000, G08B; locating faults along lines G01R0031080000; emergency protective devices H01H)","Obernai","33"
"hauser",1,NA,"git",NA,NA,4,"B63H","MARINE PROPULSION OR STEERING (propulsion of air-cushion vehicles B60V0001140000; peculiar to submarines, other than nuclear propulsion, B63G; peculiar to torpedoes F42B0019000000)","C02F","TREATMENT OF WATER, WASTE WATER, SEWAGE, OR SLUDGE (processes for making harmful chemical substances harmless, or less harmful, by effecting a chemical change in the substances A62D0003000000; separation, settling tanks or filter devices  B01D; special arrangements on waterborne vessels of installations for treating water, waste water or sewage, e.g. for producing fresh water, B63J; adding materials to water to prevent corrosion C23F; treating radioactively-contaminated liquids G21F0009040000)","Huningue","68"
"icm",1,NA,"database",40000,NA,76,"A61K","PREPARATIONS FOR MEDICAL, DENTAL, OR TOILET PURPOSES (devices or methods specially adapted for bringing pharmaceutical products into particular physical or administering forms A61J0003000000; chemical aspects of, or use of materials for deodorisation of air, for disinfection or sterilisation, or for bandages, dressings, absorbent pads or surgical articles A61L)","A61B","DIAGNOSIS; SURGERY; IDENTIFICATION (analysing biological material G01N, e.g. G01N0033480000)","Paris","75"
"imt",1,0,"deep learning",NA,"Enseignement, Formation",24,"H01Q","AERIALS (microwave radiators for near-field therapeutic treatment A61N0005040000; apparatus for testing aerials or for measuring aerial characteristics G01R; waveguides H01P; radiators or aerials for microwave heating H05B0006720000)","C09K","MATERIALS FOR APPLICATIONS NOT OTHERWISE PROVIDED FOR; APPLICATIONS OF MATERIALS NOT OTHERWISE PROVIDED FOR","Brest","59"
"inex",1,NA,"anglais",13200,NA,9,"F24F","AIR-CONDITIONING; AIR-HUMIDIFICATION; VENTILATION; USE OF AIR CURRENTS FOR SCREENING (devices for ventilating greenhouses A01G; animal husbandry A01K, e.g. controlling humidity in incubators A01K0041040000; disinfecting or sterilising of air A61L; devices for reconditioning breathing air in sealed rooms or for ventilating gasproof shelters A62B; filtering, washing or drying of gases B01D; mixing gases with vapours or liquids in general B01F0003000000; spraying B05B, B05D; removing dirt or fumes from areas where they are produced B08B0015000000; ventilation, air-conditioning, or cooling, specially adapted for vehicles, see the relevant vehicle places, e.g. B60H, B61D0027000000; production of ozone C01B0013100000; chimneys or flues E04F0017020000, E04H0012280000, F23J0011000000, F23L0017020000; air ducts or conduits E04F0017040000, F16L; ventilation in doors or windows E06B0007020000; fans, blowers F04; noise-absorbing in pipes or pipe systems F16L; tops for chimneys or ventilating shafts F23L; cooling F25; details of heat-exchange or heat-transfer apparatus, of general application F28F; apparatus for generating ions to be introduced into non-enclosed gases, e.g. the atmosphere, H01T0023000000)","F26B","DRYING SOLID MATERIALS OR OBJECTS BY REMOVING LIQUID THEREFROM (drying devices for combines A01D0041133000; racks for drying fruit or vegetables A01F0025120000; drying foodstuffs A23; drying hair A45D0020000000; body-drying implements A47K0010000000; drying household articles A47L; drying gases or vapours B01D; chemical or physical processes for dewatering or like separating liquids from solids B01D0043000000; centrifugal apparatus B04; drying ceramics C04B0033300000; drying yarns or fabrics in association with some other form of treatment D06C; drying frames for laundry without heating or positive air circulation, domestic laundry-or spin-driers, wringing or hot pressing laundry D06F; furnaces, kilns, ovens F27)","Montreuil","93"
"inria",3,NA,"python",NA,NA,326,"H04N","PICTORIAL COMMUNICATION, e.g. TELEVISION","G06F","ELECTRIC DIGITAL DATA PROCESSING (computers in which a part of the computation is effected hydraulically or pneumatically G06D, optically G06E; computer systems based on specific computational models G06N; impedance networks using digital techniques H03H)","Le Chesnay","13"
"insight",1,NA,"anglais",NA,NA,20,"H01Q","AERIALS (microwave radiators for near-field therapeutic treatment A61N0005040000; apparatus for testing aerials or for measuring aerial characteristics G01R; waveguides H01P; radiators or aerials for microwave heating H05B0006720000)",NA,NA,"Grasse","61"
"institut du cerveau et de la moelle epiniere",1,NA,"version control",NA,NA,19,"A61P","SPECIFIC THERAPEUTIC ACTIVITY OF CHEMICAL COMPOUNDS OR MEDICINAL PREPARATIONS","A61K","PREPARATIONS FOR MEDICAL, DENTAL, OR TOILET PURPOSES (devices or methods specially adapted for bringing pharmaceutical products into particular physical or administering forms A61J0003000000; chemical aspects of, or use of materials for deodorisation of air, for disinfection or sterilisation, or for bandages, dressings, absorbent pads or surgical articles A61L)","Paris","75"
"ipsen",1,NA,"programming",NA,NA,138,"A61K","PREPARATIONS FOR MEDICAL, DENTAL, OR TOILET PURPOSES (devices or methods specially adapted for bringing pharmaceutical products into particular physical or administering forms A61J0003000000; chemical aspects of, or use of materials for deodorisation of air, for disinfection or sterilisation, or for bandages, dressings, absorbent pads or surgical articles A61L)","C07D","HETEROCYCLIC COMPOUNDS (macromolecular compounds C08)","Boulogne Billancourt","92"
"irt",2,NA,"intelligence artificielle",NA,"Industrie Manufacturière",82,"G06F","ELECTRIC DIGITAL DATA PROCESSING (computers in which a part of the computation is effected hydraulically or pneumatically G06D, optically G06E; computer systems based on specific computational models G06N; impedance networks using digital techniques H03H)","A61K","PREPARATIONS FOR MEDICAL, DENTAL, OR TOILET PURPOSES (devices or methods specially adapted for bringing pharmaceutical products into particular physical or administering forms A61J0003000000; chemical aspects of, or use of materials for deodorisation of air, for disinfection or sterilisation, or for bandages, dressings, absorbent pads or surgical articles A61L)","Toulouse","44"
"ivalua",1,NA,"deep learning",NA,NA,4,"G06F","ELECTRIC DIGITAL DATA PROCESSING (computers in which a part of the computation is effected hydraulically or pneumatically G06D, optically G06E; computer systems based on specific computational models G06N; impedance networks using digital techniques H03H)","G06K","RECOGNITION OF DATA; PRESENTATION OF DATA; RECORD CARRIERS; HANDLING RECORD CARRIERS (printing per se      B41J)","Orsay","91"
"jcdecaux",6,0,"équipe",NA,"Média, Internet, Communication, Industrie Manufacturière",90,"B62H","CYCLE STANDS; SUPPORTS OR HOLDERS FOR PARKING OR STORING CYCLES; APPLIANCES PREVENTING OR INDICATING UNAUTHORISED USE OR THEFT OF CYCLES; LOCKS INTEGRAL WITH CYCLES; DEVICES FOR LEARNING TO RIDE CYCLES","G09F","DISPLAYING; ADVERTISING; SIGNS; LABELS OR NAME-PLATES; SEALS","Neuilly sur Seine","92"
"kyriba",2,NA,"statistics",NA,"Banque, Assurance, Finance",4,"G06F","ELECTRIC DIGITAL DATA PROCESSING (computers in which a part of the computation is effected hydraulically or pneumatically G06D, optically G06E; computer systems based on specific computational models G06N; impedance networks using digital techniques H03H)",NA,NA,"Saint Cloud","92"
"la poste",7,1,"équipe",NA,"Transport, Logistique",11,"G06Q","DATA PROCESSING SYSTEMS OR METHODS, SPECIALLY ADAPTED FOR ADMINISTRATIVE, COMMERCIAL, FINANCIAL, MANAGERIAL, SUPERVISORY OR FORECASTING PURPOSES; SYSTEMS OR METHODS SPECIALLY ADAPTED FOR ADMINISTRATIVE, COMMERCIAL, FINANCIAL, MANAGERIAL, SUPERVISORY OR FORECASTING PURPOSES, NOT OTHERWISE PROVIDED FOR","G07C","TIME OR ATTENDANCE REGISTERS; REGISTERING OR INDICATING THE WORKING OF MACHINES; GENERATING RANDOM NUMBERS; VOTING OR LOTTERY APPARATUS; ARRANGEMENTS, SYSTEMS, OR APPARATUS FOR CHECKING NOT PROVIDED FOR ELSEWHERE (identification of persons, e.g. finger-printing, foot-printing, A61B0005117000; indicating or recording apparatus for measuring in general, analogous apparatus but in which the input is not a variable to be measured, e.g. a hand operation, G01D; clocks, clock mechanisms G04B, G04C; time-interval measuring G04F; counting mechanisms per seG06M)","Paris","93"
"lacoste",1,NA,NA,NA,"Distribution, Commerce de gros",3,"A63B","APPARATUS FOR PHYSICAL TRAINING, GYMNASTICS, SWIMMING, CLIMBING, OR FENCING; BALL GAMES; TRAINING EQUIPMENT (apparatus for passive exercising, massage A61H)",NA,NA,"Paris","75"
"lafayette",2,0,"intelligence artificielle",20966.4,"Distribution, Commerce de gros",2,"A47G","HOUSEHOLD OR TABLE EQUIPMENT (book-ends A47B0065000000; knives B26B)",NA,NA,"Paris","75"
"latecoere",1,NA,"sql",NA,NA,46,"B64C","AEROPLANES; HELICOPTERS (air-cushion vehicles B60V)","B64D","EQUIPMENT FOR FITTING IN OR TO AIRCRAFT; FLYING SUITS; PARACHUTES; ARRANGEMENTS OR MOUNTING OF POWER PLANTS OR PROPULSION TRANSMISSIONS","Toulouse","31"
"lefebvre",1,NA,"statistique",NA,NA,2,"E02D","FOUNDATIONS; EXCAVATIONS; EMBANKMENTS (specially adapted for hydraulic engineering E02B); UNDERGROUND OR UNDERWATER STRUCTURES",NA,NA,"Saint Laurent Blangy","92"
"lesaffre",3,NA,"deep learning",NA,"Industrie Agro-alimentaire",205,"C12N","MICRO-ORGANISMS OR ENZYMES; COMPOSITIONS THEREOF (biocides, pest repellants or attractants, or plant growth regulators containing micro-organisms, viruses, microbial fungi, enzymes, fermentates, or substances produced by, or extracted from, micro-organisms or animal material A01N0063000000; medicinal preparations A61K; fertilisers C05F); PROPAGATING, PRESERVING, OR MAINTAINING MICRO-ORGANISMS; MUTATION OR GENETIC ENGINEERING; CULTURE MEDIA (microbiological testing media C12Q0001000000)","A21D","TREATMENT, e.g. PRESERVATION, OF FLOUR OR DOUGH FOR BAKING, e.g. BY ADDITION OF MATERIALS; BAKING; BAKERY PRODUCTS; PRESERVATION THEREOF","Paris","59"
"liebherr",2,1,"optimisation",NA,"Industrie Aéronautique, Aérospatial",201,"B64D","EQUIPMENT FOR FITTING IN OR TO AIRCRAFT; FLYING SUITS; PARACHUTES; ARRANGEMENTS OR MOUNTING OF POWER PLANTS OR PROPULSION TRANSMISSIONS","F16C","SHAFTS; FLEXIBLE SHAFTS; MECHANICAL MEANS FOR TRANSMITTING MOVEMENT IN A FLEXIBLE SHEATHING; ELEMENTS OF CRANKSHAFT MECHANISMS; PIVOTS; PIVOTAL CONNECTIONS; ROTARY ENGINEERING ELEMENTS OTHER THAN GEARING, COUPLING, CLUTCH OR BRAKE ELEMENTS; BEARINGS","Toulouse","31"
"limagrain",2,1,"prévision",NA,"Industrie Agro-alimentaire",49,"A01H","NEW PLANTS OR PROCESSES FOR OBTAINING THEM; PLANT REPRODUCTION BY TISSUE CULTURE TECHNIQUES","C12Q","MEASURING OR TESTING PROCESSES INVOLVING ENZYMES OR MICRO-ORGANISMS (immunoassay G01N0033530000); COMPOSITIONS OR TEST PAPERS THEREFOR; PROCESSES OF PREPARING SUCH COMPOSITIONS; CONDITION-RESPONSIVE CONTROL IN MICROBIOLOGICAL OR ENZYMOLOGICAL PROCESSES","Saint Beauzire","63"
"liquide",8,0,"git",NA,NA,4200,"F17C","VESSELS FOR CONTAINING OR STORING COMPRESSED, LIQUEFIED, OR SOLIDIFIED GASES; FIXED-CAPACITY GAS-HOLDERS; FILLING VESSELS WITH, OR DISCHARGING FROM VESSELS, COMPRESSED, LIQUEFIED, OR SOLIDIFIED GASES (storing fluids in natural or artificial cavities or chambers in the earth B65G0005000000; construction or assembling of bulk storage containers employing civil-engineering techniques E04H0007000000; variable-capacity gas-holders F17B; liquefaction or refrigeration machines, plants, or systems F25)","F25J","LIQUEFACTION, SOLIDIFICATION, OR SEPARATION OF GASES OR GASEOUS MIXTURES BY PRESSURE AND COLD TREATMENT (cryogenic pumps F04B0037080000; gas storage vessels, gas-holders F17; filling vessels with, or discharging from vessels, compressed, liquefied, or solidified gases F17C; refrigeration machines, plants, or systems F25B)","Paris","75"
"mbda",1,NA,"python",NA,NA,201,"F42B","EXPLOSIVE CHARGES, e.g. FOR BLASTING; FIREWORKS; AMMUNITION (explosive compositions C06B; fuzes F42C; blasting F42D)","F41G","WEAPON SIGHTS; AIMING (optical aspects thereof G02B)","Le Plessis Robinson","18"
"michelin",5,0,"équipe",16260,NA,7177,"B60C","VEHICLE TYRES (manufacture, repairing B29); TYRE INFLATION; TYRE CHANGING; CONNECTING VALVES TO INFLATABLE ELASTIC BODIES IN GENERAL; DEVICES OR ARRANGEMENTS RELATED TO TYRES (testing of tyres G01M0017020000)","C08L","COMPOSITIONS OF MACROMOLECULAR COMPOUNDS (compositions based on polymerisable monomers C08F, C08G; artificial filaments or fibres D01F; textile treating compositions D06)","Clermont Ferrand","63"
"nova",11,7,"python",NA,NA,1557,"A61K","PREPARATIONS FOR MEDICAL, DENTAL, OR TOILET PURPOSES (devices or methods specially adapted for bringing pharmaceutical products into particular physical or administering forms A61J0003000000; chemical aspects of, or use of materials for deodorisation of air, for disinfection or sterilisation, or for bandages, dressings, absorbent pads or surgical articles A61L)","A61F","FILTERS IMPLANTABLE INTO BLOOD VESSELS; PROSTHESES; DEVICES PROVIDING PATENCY TO, OR PREVENTING COLLAPSING OF, TUBULAR STRUCTURES OF THE BODY, E.G. STENTS; ORTHOPAEDIC, NURSING OR CONTRACEPTIVE DEVICES; FOMENTATION; TREATMENT OR PROTECTION OF EYES OR EARS; BANDAGES, DRESSINGS OR ABSORBENT PADS; FIRST-AID KITS (dental prosthetics A61C)","Chenove","21"
"octopus",3,NA,"équipe",NA,NA,5,"A01K","ANIMAL HUSBANDRY; CARE OF BIRDS, FISHES, INSECTS; FISHING; REARING OR BREEDING ANIMALS, NOT OTHERWISE PROVIDED FOR; NEW BREEDS OF ANIMALS","A01M","CATCHING, TRAPPING OR SCARING OF ANIMALS (apiculture A01K0047000000-A01K0059000000; fishing A01K0069000000-A01K0097000000; pesticides A01N); APPARATUS FOR THE DESTRUCTION OF NOXIOUS ANIMALS OR NOXIOUS PLANTS (equipment fitted in or to aircraft for dropping or releasing powdered, liquid or gaseous matter, e.g. pesticides, herbicides, B64D0001160000)","Cholet","75"
"orange",7,0,"équipe",NA,"Secteur informatique, ESN",3756,"H04L","TRANSMISSION OF DIGITAL INFORMATION, e.g. TELEGRAPHIC COMMUNICATION (typewriters B41J; order telegraphs, fire or police telegraphs G08B; visual telegraphy G08B, G08C; teleautographic systems G08C; ciphering or deciphering apparatus per seG09C; coding, decoding or code conversion, in general H03M; arrangements common to telegraphic and telephonic communication H04M; selecting H04Q; wireless communicationnetworksH04W)","H04W","WIRELESS COMMUNICATION NETWORKS","Paris","13"
"orano",10,1,"statistique",NA,NA,197,"G21F","PROTECTION AGAINST X-RADIATION, GAMMA RADIATION, CORPUSCULAR RADIATION OR PARTICLE BOMBARDMENT; TREATING RADIOACTIVELY CONTAMINATED MATERIAL; DECONTAMINATION ARRANGEMENTS THEREFOR (radiation protection by pharmaceutical means A61K0008000000, A61Q0017040000; in cosmonautic vehicles B64G0001540000; combined with a reactor G21C0011000000; combined with X-ray tubes H01J0035160000; combined with X-ray apparatus H05G0001020000)","G21C","NUCLEAR REACTORS (fusion reactors, hybrid fission-fusion reactors G21B; nuclear explosives G21J)","Courbevoie","92"
"ortec",46,0,"équipe",NA,NA,24,"F04B","POSITIVE-DISPLACEMENT MACHINES FOR LIQUIDS; PUMPS (engine fuel-injection pumps F02M; machines for liquids, or pumps, of rotary-piston or oscillating-piston type F04C; non-positive-displacement pumps F04D; pumping of fluid by direct contact of another fluid or by using inertia of fluid to be pumped F04F; crankshafts, crossheads, connecting-rods F16C; flywheels F16F; gearings for interconverting rotary motion and reciprocating motion in general F16H; pistons, piston-rods, cylinders, in general F16J; ion pumps H01J0041120000; electrodynamic pumps H02K0044020000)","B05B","SPRAYING APPARATUS; ATOMISING APPARATUS; NOZZLES (spray-mixers with nozzles B01F0005200000; processes for applying liquids or other fluent materials to surfaces by spraying B05D)","Aix en Provence","31"
"orthogrid",2,NA,"deep learning",NA,"Secteur informatique, ESN",1,"A61B","DIAGNOSIS; SURGERY; IDENTIFICATION (analysing biological material G01N, e.g. G01N0033480000)",NA,NA,"Strasbourg","67"
"pernod",9,NA,"git",NA,NA,56,"B67D","DISPENSING, DELIVERING, OR TRANSFERRING LIQUIDS, NOT OTHERWISE PROVIDED FOR (cleaning pipes or tubes or systems of pipes or tubes B08B0009020000; emptying or filling of bottles, jars, cans, casks, barrels, or similar containers, not otherwise provided for B67C; water supply E03; pipe systems F17D; domestic hot-water supply systems F24D; measuring volume, volume flow, mass flow or liquid level, metering by volume G01F; coin-freed or like apparatus G07F)","C12G","WINE; OTHER ALCOHOLIC BEVERAGES; PREPARATION THEREOF (beer C12C)","Paris","75"
"psa",4,0,"communication",NA,"Distribution, Commerce de gros",3921,"B62D","MOTOR VEHICLES; TRAILERS (steering, or guiding on a desired track, of agricultural machines or implements A01B0069000000; wheels, castors, axles, increasing wheel adhesion B60B; vehicle tyres, tyre inflation or tyre changing B60C; connections between vehicles of a train or the like B60D; vehicles for use on rail and road, amphibious or convertible vehicles B60F; suspension arrangements B60G; heating, cooling, ventilating or other air treating devices B60H; windows, windscreens, non-fixed roofs, doors or similar devices, protective coverings for vehicles not in use B60J; propulsion plant arrangements, auxiliary drives, transmissions, controls, instrumentation or dashboards B60K; electric equipment or propulsion of electrically-propelled vehicles B60L; power supply for electrically-propelled vehicles B60M; passenger accommodation not otherwise provided for B60N; adaptations for load transportation or to carry special loads or objects B60P; arrangement of signalling or lighting devices, the mounting or supporting thereof or circuits therefor, for vehicles in general B60Q; vehicles, vehicle fittings or vehicle parts, not otherwise provided for B60R; servicing, cleaning, repairing, supporting, lifting, or manoeuvring, not otherwise provided for B60S; brake arrangements, brake control systems or parts thereof B60T; air-cushion vehicles B60V; motorcycles, accessories therefor B62J, B62K; testing of vehicles G01M)","B60W","CONJOINT CONTROL OF VEHICLE SUB-UNITS OF DIFFERENT TYPE OR DIFFERENT FUNCTION; CONTROL SYSTEMS SPECIALLY ADAPTED FOR HYBRID VEHICLES; ROAD VEHICLE DRIVE CONTROL SYSTEMS FOR PURPOSES NOT RELATED TO THE CONTROL OF A PARTICULAR SUB-UNIT","Poissy","78"
"quantum",2,NA,"deep learning",NA,NA,5,"A61B","DIAGNOSIS; SURGERY; IDENTIFICATION (analysing biological material G01N, e.g. G01N0033480000)",NA,NA,"Montpellier","34"
"renault",7,NA,"anglais",NA,NA,6143,"B60W","CONJOINT CONTROL OF VEHICLE SUB-UNITS OF DIFFERENT TYPE OR DIFFERENT FUNCTION; CONTROL SYSTEMS SPECIALLY ADAPTED FOR HYBRID VEHICLES; ROAD VEHICLE DRIVE CONTROL SYSTEMS FOR PURPOSES NOT RELATED TO THE CONTROL OF A PARTICULAR SUB-UNIT","B62D","MOTOR VEHICLES; TRAILERS (steering, or guiding on a desired track, of agricultural machines or implements A01B0069000000; wheels, castors, axles, increasing wheel adhesion B60B; vehicle tyres, tyre inflation or tyre changing B60C; connections between vehicles of a train or the like B60D; vehicles for use on rail and road, amphibious or convertible vehicles B60F; suspension arrangements B60G; heating, cooling, ventilating or other air treating devices B60H; windows, windscreens, non-fixed roofs, doors or similar devices, protective coverings for vehicles not in use B60J; propulsion plant arrangements, auxiliary drives, transmissions, controls, instrumentation or dashboards B60K; electric equipment or propulsion of electrically-propelled vehicles B60L; power supply for electrically-propelled vehicles B60M; passenger accommodation not otherwise provided for B60N; adaptations for load transportation or to carry special loads or objects B60P; arrangement of signalling or lighting devices, the mounting or supporting thereof or circuits therefor, for vehicles in general B60Q; vehicles, vehicle fittings or vehicle parts, not otherwise provided for B60R; servicing, cleaning, repairing, supporting, lifting, or manoeuvring, not otherwise provided for B60S; brake arrangements, brake control systems or parts thereof B60T; air-cushion vehicles B60V; motorcycles, accessories therefor B62J, B62K; testing of vehicles G01M)","Boulogne Billancourt","78"
"roullier",1,0,"équipe",NA,"Industrie Agro-alimentaire",5,"B01J","CHEMICAL OR PHYSICAL PROCESSES, e.g. CATALYSIS, COLLOID CHEMISTRY; THEIR RELEVANT APPARATUS (processes or apparatus for specific applications, see the relevant places for these processes or apparatus, e.g. F26B0003080000)","C02F","TREATMENT OF WATER, WASTE WATER, SEWAGE, OR SLUDGE (processes for making harmful chemical substances harmless, or less harmful, by effecting a chemical change in the substances A62D0003000000; separation, settling tanks or filter devices  B01D; special arrangements on waterborne vessels of installations for treating water, waste water or sewage, e.g. for producing fresh water, B63J; adding materials to water to prevent corrosion C23F; treating radioactively-contaminated liquids G21F0009040000)","Saint Malo","35"
"ryole",2,0,"tableau",NA,"Industrie Manufacturière, Distribution, Commerce de gros",5,"B62K","CYCLES; CYCLE FRAMES; CYCLE STEERING DEVICES; RIDER-OPERATED TERMINAL CONTROLS SPECIALLY ADAPTED FOR CYCLES; CYCLE AXLE SUSPENSIONS; CYCLE SIDECARS, FORECARS, OR THE LIKE","B62M","RIDER PROPULSION OF WHEELED VEHICLES OR SLEDGES; POWERED PROPULSION OF SLEDGES OR CYCLES; TRANSMISSIONS SPECIALLY ADAPTED FOR SUCH VEHICLES (arrangements or mounting of transmissions in vehicles in general B60K; transmission elements per seF16)","Montrouge","75"
"safran",23,7,"équipe",NA,NA,8221,"F01D","NON-POSITIVE-DISPLACEMENT MACHINES OR ENGINES, e.g. STEAM TURBINES (combustion engines F02; machines or engines for liquids F03, F04; non-positive-displacement pumps F04D)","F02C","GAS-TURBINE PLANTS; AIR INTAKES FOR JET-PROPULSION PLANTS; CONTROLLING FUEL SUPPLY IN AIR-BREATHING JET-PROPULSION PLANTS (construction of turbines F01D; jet-propulsion plants F02K; construction of compressors or fans F04; combustion apparatus in which combustion takes place in a fluidised bed of fuel or other particles F23C0010000000; generating combustion products of high pressure or high velocity F23R; using gas turbines in compression refrigeration plants F25B0011000000; using gas-turbine plants in vehicles, see the relevant vehicle classes);","Paris","77"
"salomon",2,NA,"anglais",NA,NA,468,"A43B","CHARACTERISTIC FEATURES OF FOOTWEAR; PARTS OF FOOTWEAR","A63C","SKATES; SKIS; ROLLER SKATES; DESIGN OR LAYOUT OF COURTS, RINKS OR THE LIKE (devices for underwater sports A63B0031000000, A63B0033000000, B63C0011000000; devices for gliding on water, e.g. water skis, B63B0035790000, B63B0035810000, B63B0035830000)","Metz Tessy","74"
"sanofi",7,NA,"excel",NA,"Industrie Pharmaceutique, Biotechn., Chimie",3413,"A61K","PREPARATIONS FOR MEDICAL, DENTAL, OR TOILET PURPOSES (devices or methods specially adapted for bringing pharmaceutical products into particular physical or administering forms A61J0003000000; chemical aspects of, or use of materials for deodorisation of air, for disinfection or sterilisation, or for bandages, dressings, absorbent pads or surgical articles A61L)","A61M","DEVICES FOR INTRODUCING MEDIA INTO, OR ONTO, THE BODY (introducing media into or onto the bodies of animals A61D0007000000; means for inserting tampons A61F0013260000; devices for administering food or medicines orally A61J; containers for collecting, storing or administering blood or medical fluids A61J0001050000); DEVICES FOR TRANSDUCING BODY MEDIA OR FOR TAKING MEDIA FROM THE BODY (surgery A61B; chemical aspects of surgical articles A61L; magnetotherapy using magnetic elements placed within the body A61N0002100000); DEVICES FOR PRODUCING OR ENDING SLEEP OR STUPOR","Paris","69"
"saur",3,1,"deep learning",NA,"Secteur Energie, Environnement",19,"C02F","TREATMENT OF WATER, WASTE WATER, SEWAGE, OR SLUDGE (processes for making harmful chemical substances harmless, or less harmful, by effecting a chemical change in the substances A62D0003000000; separation, settling tanks or filter devices  B01D; special arrangements on waterborne vessels of installations for treating water, waste water or sewage, e.g. for producing fresh water, B63J; adding materials to water to prevent corrosion C23F; treating radioactively-contaminated liquids G21F0009040000)","B01D","SEPARATION (separating solids from solids by wet methods B03B, B03D, by pneumatic jigs or tables B03B, by other dry methods B07; magnetic or electrostatic separation of solid materials from solid materials or fluids, separation by high-voltage electric fields B03C; centrifuges B04B; presses per se for squeezing-out liquid from liquid-containing material B30B0009020000)","Guyancourt","75"
"schneider",5,NA,"excel",NA,NA,2870,"H01H","ELECTRIC SWITCHES; RELAYS; SELECTORS; EMERGENCY PROTECTIVE DEVICES (contact cables H01B0007100000; electrolytic self-interrupters H01G0009180000; emergency protective circuit arrangements H02H; switching by electronic means without contact-making H03K0017000000)","G01R","MEASURING ELECTRIC VARIABLES; MEASURING MAGNETIC VARIABLES (measuring physical variables of any kind by conversion into electric variables, see Note (4) following the title of class G01; measuring diffusion of ions in an electric field, e.g. electrophoresis, electro-osmosis, G01N; investigating non-electric or non-magnetic properties of materials by using electric or magnetic methods G01N; indicating correct tuning of resonant circuits H03J0003120000; monitoring electronic pulse counters H03K0021400000; monitoring operation of communication systems H04)","Rueil Malmaison","6"
"seb",2,0,"excel",NA,"Distribution, Commerce de gros",2361,"A47J","KITCHEN EQUIPMENT; COFFEE MILLS; SPICE MILLS; APPARATUS FOR MAKING BEVERAGES","A45D","HAIRDRESSING OR SHAVING EQUIPMENT; MANICURING OR OTHER COSMETIC TREATMENT (wigs, toupees, or the like A41G0003000000, A41G0005000000; hairdressers' chairs A47C0001040000; hair cutting appliances, razors B26B)","ecully","53"
"segula",4,7,"tableau",NA,"Industrie Auto, Meca, Navale",21,"B29C","SHAPING OR JOINING OF PLASTICS; SHAPING OF SUBSTANCES IN A PLASTIC STATE, IN GENERAL; AFTER- TREATMENT OF THE SHAPED PRODUCTS, e.g. REPAIRING (working in the manner of metal B23; grinding, polishing B24; cutting B26D, B26F; making preforms B29B0011000000;  making laminated products by combining previously unconnected layers which become one product whose layers will remain together B32B0037000000-B32B0041000000)","A61G","TRANSPORT, PERSONAL CONVEYANCES, OR ACCOMMODATION SPECIALLY ADAPTED FOR PATIENTS OR DISABLED PERSONS (appliances for aiding patients or disabled persons to walk A61H0003000000); OPERATING TABLES OR CHAIRS; CHAIRS FOR DENTISTRY; FUNERAL DEVICES (embalming corpses A01N0001000000)","Nanterre","91"
"sercel",1,NA,"rigueur",NA,NA,145,"G01V","GEOPHYSICS; GRAVITATIONAL MEASUREMENTS; DETECTING MASSES OR OBJECTS; TAGS (means for indicating the location of accidentally buried, e.g. snow-buried, persons A63B0029020000)","E21B","EARTH OR ROCK DRILLING (mining, quarrying E21C; making shafts, driving galleries or tunnels E21D); OBTAINING OIL, GAS, WATER, SOLUBLE OR MELTABLE MATERIALS OR A SLURRY OF MINERALS FROM WELLS","Carquefou","44"
"servier",1,NA,"excel",NA,"Industrie Pharmaceutique, Biotechn., Chimie",467,"A61K","PREPARATIONS FOR MEDICAL, DENTAL, OR TOILET PURPOSES (devices or methods specially adapted for bringing pharmaceutical products into particular physical or administering forms A61J0003000000; chemical aspects of, or use of materials for deodorisation of air, for disinfection or sterilisation, or for bandages, dressings, absorbent pads or surgical articles A61L)","A61P","SPECIFIC THERAPEUTIC ACTIVITY OF CHEMICAL COMPOUNDS OR MEDICINAL PREPARATIONS","Suresnes","92"
"sfr",6,0,"reporting",NA,"Industrie high-tech, Telecom",26,"H04W","WIRELESS COMMUNICATION NETWORKS","H04L","TRANSMISSION OF DIGITAL INFORMATION, e.g. TELEGRAPHIC COMMUNICATION (typewriters B41J; order telegraphs, fire or police telegraphs G08B; visual telegraphy G08B, G08C; teleautographic systems G08C; ciphering or deciphering apparatus per seG09C; coding, decoding or code conversion, in general H03M; arrangements common to telegraphic and telephonic communication H04M; selecting H04Q; wireless communicationnetworksH04W)","Paris","75"
"sim&cure",1,NA,"deep learning",NA,NA,1,"G09B","EDUCATIONAL OR DEMONSTRATION APPLIANCES; APPLIANCES FOR TEACHING, OR COMMUNICATING WITH, THE BLIND, DEAF OR MUTE; MODELS; PLANETARIA; GLOBES; MAPS; DIAGRAMS (devices for psychotechnics or for testing reaction times A61B0005160000; games, sports, amusements A63; projectors, projector screens G03B)",NA,NA,"Montpellier","34"
"sncf",6,NA,"équipe",NA,NA,354,"B61D","BODY DETAILS OR KINDS OF RAILWAY VEHICLES (vehicles in general B60; adaptation of vehicles to special systems B61B; underframes B61F)","B60L","PROPULSION OF ELECTRICALLY-PROPELLED VEHICLES (arrangements or mounting of electrical propulsion units or of plural diverse prime-movers for mutual or common propulsion in vehicles B60K0001000000, B60K0006200000; arrangements or mounting of electrical gearing in vehicles B60K0017120000, B60K0017140000; preventing wheel slip by reducing power in rail vehicles B61C0015080000; dynamo-electric machines H02K; control or regulation of electric motors H02P); SUPPLYING ELECTRIC POWER FOR AUXILIARY EQUIPMENT OF ELECTRICALLY-PROPELLED VEHICLES (electric coupling devices combined with mechanical couplings of vehicles B60D0001640000; electric heating for vehicles B60H0001000000); ELECTRODYNAMIC BRAKE SYSTEMS FOR VEHICLES IN GENERAL (control or regulation of electric motors H02P); MAGNETIC SUSPENSION OR LEVITATION FOR VEHICLES; MONITORING OPERATING VARIABLES OF ELECTRICALLY-PROPELLED VEHICLES; ELECTRIC SAFETY DEVICES FOR ELECTRICALLY-PROPELLED VEHICLES","Saint Denis","75"
"socomec",1,NA,"c++",NA,NA,59,"H01H","ELECTRIC SWITCHES; RELAYS; SELECTORS; EMERGENCY PROTECTIVE DEVICES (contact cables H01B0007100000; electrolytic self-interrupters H01G0009180000; emergency protective circuit arrangements H02H; switching by electronic means without contact-making H03K0017000000)","G01R","MEASURING ELECTRIC VARIABLES; MEASURING MAGNETIC VARIABLES (measuring physical variables of any kind by conversion into electric variables, see Note (4) following the title of class G01; measuring diffusion of ions in an electric field, e.g. electrophoresis, electro-osmosis, G01N; investigating non-electric or non-magnetic properties of materials by using electric or magnetic methods G01N; indicating correct tuning of resonant circuits H03J0003120000; monitoring electronic pulse counters H03K0021400000; monitoring operation of communication systems H04)","Benfeld","67"
"sodexo",44,NA,"excel",NA,NA,1,"H04L","TRANSMISSION OF DIGITAL INFORMATION, e.g. TELEGRAPHIC COMMUNICATION (typewriters B41J; order telegraphs, fire or police telegraphs G08B; visual telegraphy G08B, G08C; teleautographic systems G08C; ciphering or deciphering apparatus per seG09C; coding, decoding or code conversion, in general H03M; arrangements common to telegraphic and telephonic communication H04M; selecting H04Q; wireless communicationnetworksH04W)",NA,NA,"Issy les Moulineaux","92"
"somfy",3,NA,"excel",NA,NA,730,"E06B","FIXED OR MOVABLE CLOSURES FOR OPENINGS IN BUILDINGS, VEHICLES, FENCES, OR LIKE ENCLOSURES, IN GENERAL, e.g. DOORS, WINDOWS, BLINDS, GATES (shades or blinds for greenhouses A01G0009220000; curtains A47H; lids for car boots or bonnets B62D0025100000; sky-lights E04B0007180000; sunshades, awnings E04F0010000000)","E05F","DEVICES FOR MOVING WINGS INTO OPEN OR CLOSED POSITION; CHECKS FOR WINGS; WING FITTINGS NOT OTHERWISE PROVIDED FOR, CONCERNED WITH THE FUNCTIONING OF THE WING","Cluses","74"
"suez",10,0,"python",NA,NA,633,"C02F","TREATMENT OF WATER, WASTE WATER, SEWAGE, OR SLUDGE (processes for making harmful chemical substances harmless, or less harmful, by effecting a chemical change in the substances A62D0003000000; separation, settling tanks or filter devices  B01D; special arrangements on waterborne vessels of installations for treating water, waste water or sewage, e.g. for producing fresh water, B63J; adding materials to water to prevent corrosion C23F; treating radioactively-contaminated liquids G21F0009040000)","B01D","SEPARATION (separating solids from solids by wet methods B03B, B03D, by pneumatic jigs or tables B03B, by other dry methods B07; magnetic or electrostatic separation of solid materials from solid materials or fluids, separation by high-voltage electric fields B03C; centrifuges B04B; presses per se for squeezing-out liquid from liquid-containing material B30B0009020000)","Paris","78"
"synergie",1,NA,"collaboration",NA,NA,8,"F24F","AIR-CONDITIONING; AIR-HUMIDIFICATION; VENTILATION; USE OF AIR CURRENTS FOR SCREENING (devices for ventilating greenhouses A01G; animal husbandry A01K, e.g. controlling humidity in incubators A01K0041040000; disinfecting or sterilising of air A61L; devices for reconditioning breathing air in sealed rooms or for ventilating gasproof shelters A62B; filtering, washing or drying of gases B01D; mixing gases with vapours or liquids in general B01F0003000000; spraying B05B, B05D; removing dirt or fumes from areas where they are produced B08B0015000000; ventilation, air-conditioning, or cooling, specially adapted for vehicles, see the relevant vehicle places, e.g. B60H, B61D0027000000; production of ozone C01B0013100000; chimneys or flues E04F0017020000, E04H0012280000, F23J0011000000, F23L0017020000; air ducts or conduits E04F0017040000, F16L; ventilation in doors or windows E06B0007020000; fans, blowers F04; noise-absorbing in pipes or pipe systems F16L; tops for chimneys or ventilating shafts F23L; cooling F25; details of heat-exchange or heat-transfer apparatus, of general application F28F; apparatus for generating ions to be introduced into non-enclosed gases, e.g. the atmosphere, H01T0023000000)","F25D","REFRIGERATORS; COLD ROOMS; ICE-BOXES; COOLING OR FREEZING APPARATUS NOT COVERED BY ANY OTHER SUBCLASS (refrigerated showcases A47F0003040000; thermally-insulated vessels for domestic use A47J0041000000; refrigerated vehicles, see the appropriate subclasses of classes B60-B64; containers with thermal insulation in general B65D0081380000; heat-transfer, heat-exchange or heat-storage materials, e.g. refrigerants, or materials for the production of heat or cold by chemical reactions other than by combustion C09K0005000000; thermally-insulated vessels for liquefied or solidified gases F17C; air-conditioning or air-humidification F24F; refrigeration machines, plants, or systems F25B; cooling of instruments or comparable apparatus without refrigeration G12B; cooling of engines or pumps, see the relevant classes);","Rochefort en Terre","59"
"terrena",1,NA,"bases de donnée",NA,NA,1,"A01K","ANIMAL HUSBANDRY; CARE OF BIRDS, FISHES, INSECTS; FISHING; REARING OR BREEDING ANIMALS, NOT OTHERWISE PROVIDED FOR; NEW BREEDS OF ANIMALS",NA,NA,"Ancenis","44"
"thales",6,NA,"équipe",NA,NA,6124,"G01S","RADIO DIRECTION-FINDING; RADIO NAVIGATION; DETERMINING DISTANCE OR VELOCITY BY USE OF RADIO WAVES; LOCATING OR PRESENCE-DETECTING BY USE OF THE REFLECTION OR RERADIATION OF RADIO WAVES; ANALOGOUS ARRANGEMENTS USING OTHER WAVES","H04L","TRANSMISSION OF DIGITAL INFORMATION, e.g. TELEGRAPHIC COMMUNICATION (typewriters B41J; order telegraphs, fire or police telegraphs G08B; visual telegraphy G08B, G08C; teleautographic systems G08C; ciphering or deciphering apparatus per seG09C; coding, decoding or code conversion, in general H03M; arrangements common to telegraphic and telephonic communication H04M; selecting H04Q; wireless communicationnetworksH04W)","Courbevoie","92"
"ubisoft",3,0,"python",NA,"Secteur informatique, ESN",4,"A63F","CARD, BOARD, OR ROULETTE GAMES; INDOOR GAMES USING SMALL MOVING PLAYING BODIES; GAMES NOT OTHERWISE PROVIDED FOR (data-processing equipment characterised by a specific application for game playing G06F0017000000, G06F0019000000)",NA,NA,"Rennes","75"
"universite de montpellier",1,NA,"autonôme",35940,NA,1027,"A61K","PREPARATIONS FOR MEDICAL, DENTAL, OR TOILET PURPOSES (devices or methods specially adapted for bringing pharmaceutical products into particular physical or administering forms A61J0003000000; chemical aspects of, or use of materials for deodorisation of air, for disinfection or sterilisation, or for bandages, dressings, absorbent pads or surgical articles A61L)","A61P","SPECIFIC THERAPEUTIC ACTIVITY OF CHEMICAL COMPOUNDS OR MEDICINAL PREPARATIONS","Montpellier","34"
"universite de nantes",1,NA,"rapport",NA,NA,740,"A61K","PREPARATIONS FOR MEDICAL, DENTAL, OR TOILET PURPOSES (devices or methods specially adapted for bringing pharmaceutical products into particular physical or administering forms A61J0003000000; chemical aspects of, or use of materials for deodorisation of air, for disinfection or sterilisation, or for bandages, dressings, absorbent pads or surgical articles A61L)","H01M","PROCESSES OR MEANS, e.g. BATTERIES, FOR THE DIRECT CONVERSION OF CHEMICAL ENERGY INTO ELECTRICAL ENERGY (electrochemical processes or apparatus in general C25; semiconductor or other solid state devices for converting light or heat into electrical energy H01L, e.g. H01L0031000000, H01L0035000000, H01L0037000000)","Nantes","44"
"valeo",4,0,"collaboration",NA,"Industrie Auto, Meca, Navale",10116,"F21S","NON-PORTABLE LIGHTING DEVICES OR SYSTEMS THEREOF (burners F23D; electric aspects or elements, see section H, e.g. electric light sources H01J, H01K, H05B)","H02K","DYNAMO-ELECTRIC MACHINES (measuring instruments G01; dynamo-electric relays H01H0053000000; conversion of dc or ac input power into surge output power H02M0009000000; loudspeakers, microphones, gramophone pick-ups or like acoustic electromechanical transducers H04R)","Le Mesnil Saint Denis","95"
"vetoquinol",1,NA,"équipe",NA,NA,13,"A61K","PREPARATIONS FOR MEDICAL, DENTAL, OR TOILET PURPOSES (devices or methods specially adapted for bringing pharmaceutical products into particular physical or administering forms A61J0003000000; chemical aspects of, or use of materials for deodorisation of air, for disinfection or sterilisation, or for bandages, dressings, absorbent pads or surgical articles A61L)","A23K","FEEDING-STUFFS SPECIALLY ADAPTED FOR ANIMALS; METHODS SPECIALLY ADAPTED FOR PRODUCTION THEREOF","Magny Vernois","70"
"vinci",6,NA,"équipe",NA,NA,44,"B01D","SEPARATION (separating solids from solids by wet methods B03B, B03D, by pneumatic jigs or tables B03B, by other dry methods B07; magnetic or electrostatic separation of solid materials from solid materials or fluids, separation by high-voltage electric fields B03C; centrifuges B04B; presses per se for squeezing-out liquid from liquid-containing material B30B0009020000)","E02D","FOUNDATIONS; EXCAVATIONS; EMBANKMENTS (specially adapted for hydraulic engineering E02B); UNDERGROUND OR UNDERWATER STRUCTURES","Rueil Malmaison","92"
"volvo",5,NA,"python",NA,NA,8,"E02F","DREDGING; SOIL-SHIFTING (winning peat E21C0049000000)","A01D","HARVESTING; MOWING","Belley","69"
"withings",4,0,"python",NA,"Distribution, Commerce de gros",137,"A61B","DIAGNOSIS; SURGERY; IDENTIFICATION (analysing biological material G01N, e.g. G01N0033480000)","G01G","WEIGHING","Issy les Moulineaux","92"
